contract_address,tx_count,eth_balance,solidetector,oyente,slither,overlap
0xc8d2881128dbe1534495a85edf716278b892c037,2236,1,['385'],[385],"[{'A2ACrowdsale.sol': [506]}, {'A2ACrowdsale.sol': [386]}, {'A2ACrowdsale.sol': [515]}, {'A2ACrowdsale.sol': [393]}]","385,"
0x179a303c1fdff0ffbda6a68b384787621b78ee84,585,0,['140'],"[198, 192]","[{'OpenLongevityPresale.sol': [161]}, {'OpenLongevityPresale.sol': [109]}, {'OpenLongevityPresale.sol': [118]}, {'OpenLongevityPresale.sol': [128]}, {'OpenLongevityPresale.sol': [119]}, {'OpenLongevityPresale.sol': [117]}, {'OpenLongevityPresale.sol': [102]}, {'OpenLongevityPresale.sol': [141]}, {'OpenLongevityPresale.sol': [193]}, {'OpenLongevityPresale.sol': [110]}, {'OpenLongevityPresale.sol': [194]}, {'OpenLongevityPresale.sol': [162]}, {'OpenLongevityPresale.sol': [100]}, {'OpenLongevityPresale.sol': [124]}, {'OpenLongevityPresale.sol': [127]}]",
0xc41f889947be4c71bf97d383ec15f83d8cceec75,454,2210045030740892233,['217'],[217],"[{'GreedVSFear.sol': [245]}, {'GreedVSFear.sol': [324]}, {'GreedVSFear.sol': [361]}, {'GreedVSFear.sol': [704]}, {'GreedVSFear.sol': [287]}, {'GreedVSFear.sol': [261]}]","217,"
0xe386b139ed3715ca4b18fd52671bdcea1cdfe4b1,376,0,['149'],"[247, 353]","[{'ZeusToken.sol': [447]}, {'ZeusToken.sol': [181]}, {'ZeusToken.sol': [238]}, {'ZeusToken.sol': [95]}, {'ZeusToken.sol': [151]}, {'ZeusToken.sol': [95]}, {'ZeusToken.sol': [95]}, {'ZeusToken.sol': [241]}, {'ZeusToken.sol': [249]}, {'ZeusToken.sol': [468]}, {'ZeusToken.sol': [456]}, {'ZeusToken.sol': [308]}, {'ZeusToken.sol': [448]}]",
0x643d60febd4f892a36d88ccd1fe8f4bfb5ef8807,322,0,"['1159', '1260', '1236']",[1429],"[{'POOHMOX.sol': [1197]}, {'POOHMOX.sol': [1249]}, {'POOHMOX.sol': [1086]}, {'POOHMOX.sol': [1179]}, {'POOHMOX.sol': [846]}, {'POOHMOX.sol': [1359]}, {'POOHMOX.sol': [1301]}, {'POOHMOX.sol': [1250]}, {'POOHMOX.sol': [311]}, {'POOHMOX.sol': [589]}, {'POOHMOX.sol': [896, 897, 885, 886, 887, 888, 889, 890, 891, 892, 893, 894, 895]}, {'POOHMOX.sol': [237]}, {'POOHMOX.sol': [958]}, {'POOHMOX.sol': [573]}, {'POOHMOX.sol': [274]}, {'POOHMOX.sol': [512, 513, 514, 515, 516, 517, 518, 519, 520, 507, 508, 509, 510, 511]}, {'POOHMOX.sol': [605]}, {'POOHMOX.sol': [832, 833, 834, 835, 836, 837, 838, 839, 840, 841, 842, 829, 830, 831]}, {'POOHMOX.sol': [349]}, {'POOHMOX.sol': [1179]}, {'POOHMOX.sol': [1359]}, {'POOHMOX.sol': [532]}, {'POOHMOX.sol': [896, 897, 885, 886, 887, 888, 889, 890, 891, 892, 893, 894, 895]}, {'POOHMOX.sol': [832, 833, 834, 835, 836, 837, 838, 839, 840, 841, 842, 829, 830, 831]}, {'POOHMOX.sol': [512, 513, 514, 515, 516, 517, 518, 519, 520, 507, 508, 509, 510, 511]}, {'POOHMOX.sol': [307]}, {'POOHMOX.sol': [270]}, {'POOHMOX.sol': [1075]}, {'POOHMOX.sol': [344]}]",
0x1641dba4593e32528bd8937fc751901dc66aa60e,297,656928070000000000,['225'],[289],"[{'Ehfirst.sol': [233]}, {'Ehfirst.sol': [229]}, {'Ehfirst.sol': [234]}]",
0x14cf6193935b17fc72649ba420fdd5bfdf1f0001,247,0,['114'],"[179, 173]","[{'OpenLongevityPresale.sol': [145]}, {'OpenLongevityPresale.sol': [115]}, {'OpenLongevityPresale.sol': [174]}, {'OpenLongevityPresale.sol': [175]}, {'OpenLongevityPresale.sol': [146]}]",
0x7705faa34b16eb6d77dfc7812be2367ba6b0248e,217,0,['169'],"[223, 328]","[{'ArtexToken.sol': [428]}, {'ArtexToken.sol': [429]}, {'ArtexToken.sol': [481]}, {'ArtexToken.sol': [430]}, {'ArtexToken.sol': [476]}, {'ArtexToken.sol': [198]}, {'ArtexToken.sol': [433]}, {'ArtexToken.sol': [431]}, {'ArtexToken.sol': [434]}, {'ArtexToken.sol': [115]}, {'ArtexToken.sol': [171]}, {'ArtexToken.sol': [115]}, {'ArtexToken.sol': [453]}, {'ArtexToken.sol': [284]}, {'ArtexToken.sol': [489]}, {'ArtexToken.sol': [501]}, {'ArtexToken.sol': [225]}, {'ArtexToken.sol': [483]}, {'ArtexToken.sol': [436]}, {'ArtexToken.sol': [477]}]",
0x5b5d8a8a732a3c73ff0fb6980880ef399ecaf72e,127,0,"['449', '446', '245', '242', '131']",[242],"[{'Proof.sol': [173]}, {'Proof.sol': [451]}, {'Proof.sol': [76]}, {'Proof.sol': [249]}, {'Proof.sol': [251]}, {'Proof.sol': [243]}, {'Proof.sol': [458]}, {'Proof.sol': [450]}, {'Proof.sol': [132]}, {'Proof.sol': [136]}, {'Proof.sol': [254]}, {'Proof.sol': [250]}, {'Proof.sol': [77]}, {'Proof.sol': [492]}, {'Proof.sol': [459]}]","242,"
0x11e165dd03c63771004f929d58b75e4aaf2d1a23,122,2970634896772717626,['245'],[245],"[{'CryptoSurge.sol': [390]}, {'CryptoSurge.sol': [312]}]","245,"
0xb2d5468cf99176da50f91e46b2c06b7bdb9d2656,48,5541345366494949705,['164'],[93],"[{'EasySmartolution.sol': [96]}, {'EasySmartolution.sol': [76]}, {'EasySmartolution.sol': [113]}, {'EasySmartolution.sol': [97]}, {'EasySmartolution.sol': [87]}, {'EasySmartolution.sol': [76]}, {'EasySmartolution.sol': [112]}]",
0x83928d7a16e0cbdf77d555c405a3975d11dcf0fa,40,322800000000000000,"['239', '63']",[63],"[{'Etherhero.sol': [65]}, {'Etherhero.sol': [240]}, {'Etherhero.sol': [217]}, {'Etherhero.sol': [241]}, {'Etherhero.sol': [219]}, {'Etherhero.sol': [64]}, {'Etherhero.sol': [241]}, {'Etherhero.sol': [219]}, {'Etherhero.sol': [214]}]","63,"
0x2628e13a3cbdc52ed96b4b8d6b1041d3ef3a409e,23,6614905873260000033,['136'],[86],"[{'EasySmartolution.sol': [89]}, {'EasySmartolution.sol': [80]}, {'EasySmartolution.sol': [71]}, {'EasySmartolution.sol': [90]}, {'EasySmartolution.sol': [71]}]",
0x40b10014a17e997e8e55594cbfb4f085c5ec815b,19,0,['400'],[400],"[{'MultiSigToken.sol': [401]}, {'MultiSigToken.sol': [402]}, {'MultiSigToken.sol': [442]}, {'MultiSigToken.sol': [441]}]","400,"
0xb5766f61911f8b520b0e938aae100834aa3048c6,12,0,['19'],[19],[{'BountyHunt.sol': [20]}],"19,"
0xa4dc86555ae103fa7be4e747521d96fcb493d644,11,263208205383416,['358'],[358],"[{'Wallet.sol': [392]}, {'Wallet.sol': [360]}, {'Wallet.sol': [391]}]","358,"
0xdde1cddbbc4bfc0d2e9f5b2957456a2b651aaa6b,9,1386000000000000000,['474'],[474],"[{'Cycle.sol': [455]}, {'Cycle.sol': [456]}, {'Cycle.sol': [454]}, {'Cycle.sol': [790]}, {'Cycle.sol': [864]}, {'Cycle.sol': [453]}, {'Cycle.sol': [706]}, {'Cycle.sol': [476]}, {'Cycle.sol': [470]}, {'Cycle.sol': [529]}, {'Cycle.sol': [476]}, {'Cycle.sol': [580]}, {'Cycle.sol': [798]}, {'Cycle.sol': [793]}, {'Cycle.sol': [613]}, {'Cycle.sol': [486]}]","474,"
0xce16dfc1db5f9c8edc89be5653f6f45551dc8277,8,30000000000000000,['258'],"[331, 319]","[{'Crowdsale.sol': [270]}, {'Crowdsale.sol': [253]}, {'Crowdsale.sol': [261]}, {'Crowdsale.sol': [293]}]",
0x891ed0940a01b331f7cdfb11a448fca04f67ed31,8,0,['234'],[234],"[{'SimpleSaleToken.sol': [236]}, {'SimpleSaleToken.sol': [209]}]","234,"
0x96edbe868531bd23a6c05e9d0c424ea64fb1b78b,7,0,['56'],"[56, 59]",[{'PENNY_BY_PENNY.sol': [58]}],"56,"
0x85179ac15aa94e3ca32dd1cc04664e9bb0062115,6,0,['56'],"[56, 59]",[{'COIN_BOX.sol': [58]}],"56,"
0xbe4041d55db380c5ae9d4a9b9703f1ed4e7e3888,6,0,['56'],"[56, 59]",[{'MONEY_BOX.sol': [58]}],"56,"
0x23a91059fdc9579a9fbd0edc5f2ea0bfdb70deb4,5,0,['31'],"[34, 31]",[{'PrivateBank.sol': [33]}],"31,"
0x4e73b32ed6c35f570686b89848e5f39f20ecc106,5,0,['47'],"[47, 50]",[{'PRIVATE_ETH_CELL.sol': [49]}],"47,"
0x561eac93c92360949ab1f1403323e6db345cbf31,5,0,['47'],"[47, 50]",[{'BANK_SAFE.sol': [49]}],"47,"
0xb3e396f500df265cdfde30ec6e80dbf99bee9e96,4,0,['22'],"[22, 25]",[{'pg_bank.sol': [24]}],"22,"
0xaae1f51cf3339f18b6d3f3bdc75a5facd744b0b8,4,0,['47'],"[47, 50]",[{'DEP_BANK.sol': [49]}],"47,"
0x818189b1a0ba4f9e543de04eb76669ec8354e122,4,109907918325985840,['453'],"[756, 291]","[{'ZethrBankroll.sol': [326]}, {'ZethrBankroll.sol': [746]}, {'ZethrBankroll.sol': [724]}, {'ZethrBankroll.sol': [706]}, {'ZethrBankroll.sol': [292]}, {'ZethrBankroll.sol': [664]}, {'ZethrBankroll.sol': [454]}, {'ZethrBankroll.sol': [700]}, {'ZethrBankroll.sol': [709]}, {'ZethrBankroll.sol': [745]}]",
0x941d225236464a25eb18076df7da6a91d0f95e9e,4,0,['37'],"[40, 37]","[{'ETH_FUND.sol': [27]}, {'ETH_FUND.sol': [39]}]","37,"
0x26db40ad8229696a1ac5c7cb468273658084a887,4,0,['22'],"[25, 22]",[{'offshore_bank.sol': [24]}],"22,"
0xec2bc359460b4421f8a3ca3d6329a9a213861be2,4,0,['317'],"[426, 434]","[{'Crowdsale.sol': [320]}, {'Crowdsale.sol': [421]}, {'Crowdsale.sol': [394]}]",
0xcb6fe98097fe7d6e00415bb6623d5fc3effa4e83,4,0,['22'],"[22, 25]",[{'THE_BANK.sol': [24]}],"22,"
0x6b32d3d23b5fcb26992fdcaa7c8359daa5fc3a10,4,0,['22'],"[22, 25]",[{'trust_bank.sol': [24]}],"22,"
0x01f8c4e3fa3edeb29e514cba738d87ce8c091d3f,4,0,['47'],"[47, 50]",[{'PERSONAL_BANK.sol': [49]}],"47,"
0xbaf51e761510c1a11bf48dd87c0307ac8a8c8a4f,3,0,['35'],"[38, 35]",[{'ETH_VAULT.sol': [37]}],"35,"
0x143eea4413231878f58dc812b3dc6f22835a5dd6,3,1307000000000000,['22'],"[22, 25]",[{'cb_BANK.sol': [24]}],"22,"
0xdfe81e65fe4d3d030f66ab7206969442bf9534b8,3,0,['22'],"[22, 25]",[{'Piggy_BANK.sol': [24]}],"22,"
0xe610af01f92f19679327715b426c35849c47c657,3,0,['34'],"[37, 34]","[{'PIGGY_BANK.sol': [25]}, {'PIGGY_BANK.sol': [36]}]","34,"
0xb7c5c5aa4d42967efe906e1b66cb8df9cebf04f7,3,0,['18'],[18],[{'keepMyEther.sol': [19]}],"18,"
0xcead721ef5b11f1a7b530171aab69b16c5e66b6e,3,0,['22'],"[22, 25]",[{'WALLET.sol': [24]}],"22,"
0xd518db222f37f9109db8e86e2789186c7e340f12,3,0,['47'],"[47, 50]",[{'D_BANK.sol': [49]}],"47,"
0x320af898ba522062419dd967ab9e2dad9f860d2f,3,0,['22'],"[22, 25]",[{'c_Bank.sol': [24]}],"22,"
0xc0aa69e24533f99fd95757e471d93ba7ea4b1c50,3,0,['419'],"[323, 331, 202]","[{'Crowdsale.sol': [464]}, {'Crowdsale.sol': [422]}, {'Crowdsale.sol': [189]}, {'Crowdsale.sol': [346]}, {'Crowdsale.sol': [448]}]",
0x4d955895c61d6a7a2dc85f2feedbda6489c6f67d,3,0,['127'],"[153, 129, 127]","[{'CaptureTheFlag.sol': [128]}, {'CaptureTheFlag.sol': [157]}, {'CaptureTheFlag.sol': [113]}]","127,"
0xfd4b392ca5495459044b9eca9856cdab0a596b33,2,0,['22'],"[22, 25]",[{'C_BANK.sol': [24]}],"22,"
0xaa4f28fe9d4819fc9e6033e93b0cb0362d132841,2,0,['22'],"[22, 25]",[{'C_Bank.sol': [24]}],"22,"
0x62500ad71aa50744bbd4917d1a64938897e952bf,2,0,['22'],"[22, 25]",[{'C_bAnK.sol': [24]}],"22,"
0x0d5d4c289133ebf3eb685c183a930c1ee2ea4a4f,2,0,['22'],"[22, 25]",[{'I_BANK.sol': [24]}],"22,"
0xcd3e9a892326d5ecee77c1e2380d2ef20dab119f,2,0,['22'],"[22, 25]",[{'S_BANK.sol': [24]}],"22,"
0xb69d64383103afe6871d659d15d51bb106d66dc1,2,0,['22'],"[22, 25]",[{'Y_BANK.sol': [24]}],"22,"
0xb07a66f0615e922abb9c6eb56f40adf843e0e391,2,0,['22'],"[22, 25]",[{'c_bank.sol': [24]}],"22,"
0xa3fd310f631b5fb75245afad746905d564c73aef,2,0,['22'],"[22, 25]",[{'i_bank.sol': [24]}],"22,"
0x02dd48ff449f57a4632c39068e0ca0f4325c3a8d,2,0,['22'],"[22, 25]",[{'CB_BANK.sol': [24]}],"22,"
0x8b3754781804d2b505627505a604b48ab9ad2d24,2,0,['22'],"[22, 25]",[{'IQ_bank.sol': [24]}],"22,"
0xe0b0831d52d970298fe4a9dd4fe3f22bcd130fae,2,0,['22'],"[22, 25]",[{'PG_bank.sol': [24]}],"22,"
0x876c7f71979fcbb276191998cc43278e454bd9b2,2,0,"['254', '256']",[289],"[{'MonarchyGame.sol': [270]}, {'MonarchyGame.sol': [290]}, {'MonarchyGame.sol': [261, 262, 263, 264, 265, 266, 267]}, {'MonarchyGame.sol': [224]}, {'MonarchyGame.sol': [212]}]",
0x7b368c4e805c3870b6c49a3f1f49f69af8662cf3,2,0,['22'],"[22, 25]",[{'W_WALLET.sol': [24]}],"22,"
0x93c32845fae42c83a70e5f06214c8433665c2ab5,2,0,['22'],"[22, 25]",[{'X_WALLET.sol': [24]}],"22,"
0x79e784a77254aedbc6488ce0001abee487b1d88d,2,0,['22'],"[22, 25]",[{'Y_WALLET.sol': [24]}],"22,"
0x2082a9dfbef18d0b4798845bc564930a5cc436e3,2,0,['22'],"[25, 22]",[{'our_bank.sol': [24]}],"22,"
0x7a8721a9d64c74da899424c1b52acbf58ddc9782,2,0,['45'],"[45, 48]",[{'PrivateDeposit.sol': [47]}],"45,"
0xb5e1b1ee15c6fa0e48fce100125569d430f1bd12,2,0,['34'],"[37, 34]",[{'Private_Bank.sol': [36]}],"34,"
0x10452f898766f59a8514dc6856ff62bbdc6a0f51,2,0,['22'],"[25, 22]",[{'Piggy_BNK.sol': [24]}],"22,"
0x9130ae6c4c70b7dd53a479d67d21646a87614045,2,0,['22'],"[25, 22]",[{'Piggy_BnK.sol': [24]}],"22,"
0xdd71e35f680bb5adc77c6d1d9ef5793598e613dc,2,0,['22'],"[22, 25]",[{'Piggy_BanK.sol': [24]}],"22,"
0xab78561558d06ace60f206d9fcaac65bb1cfdee2,2,0,['22'],"[22, 25]",[{'SIMPL_BANK.sol': [24]}],"22,"
0x58efdf0980dc6818ca8ffb796e3d6a3c7dd5500b,2,0,['22'],"[22, 25]",[{'TRUST_BANK.sol': [24]}],"22,"
0x463c74b95efef9c58a041edf3e06a610ea275108,2,0,['22'],"[22, 25]",[{'ULTRA_BANK.sol': [24]}],"22,"
0xa4e1cbf64c3b5db2a6e6f23cb5286b97d80b86e3,2,0,['22'],"[22, 25]",[{'WWW_wallet.sol': [24]}],"22,"
0x094a5e6e395212bfc6c773b2210409eba4ca19d7,2,0,['22'],"[22, 25]",[{'ultra_bank.sol': [24]}],"22,"
0x5e1a650b8dd96a3d1e3d9e8a95dbcdccdeb88e12,2,0,['22'],"[25, 22]",[{'offshore_Bank.sol': [24]}],"22,"
0xebcb9bf5a615e6f00316a25c62f79333a0b49871,2,0,['22'],"[22, 25]",[{'B_BANK.sol': [24]}],"22,"
0xd96053c281c1424eff97c5739c6a86d572519227,2,0,['22'],"[22, 25]",[{'C_BAnK.sol': [24]}],"22,"
0x02242d41c54f261a85ac8e8efa7046a3dfd53113,2,0,['22'],"[22, 25]",[{'C_banK.sol': [24]}],"22,"
0xfbe2fff3145e08a21a9d9c8d5f20c01706939647,2,0,['22'],"[22, 25]",[{'C_bank.sol': [24]}],"22,"
0x7541b76cb60f4c60af330c208b0623b7f54bf615,2,0,['22'],"[22, 25]",[{'U_BANK.sol': [24]}],"22,"
0x0529663bd4d73d3dd06f90247d8c2e802755b7ec,2,0,['22'],"[22, 25]",[{'X_BANK.sol': [24]}],"22,"
0x774853153c3cc175a3606c58d6f27f6b57e72fd3,2,0,['22'],"[22, 25]",[{'c_BANK.sol': [24]}],"22,"
0x6e3c384480e71792948c29e9fc8d7b9c9d75ae8f,2,0,['22'],"[22, 25]",[{'p_bank.sol': [24]}],"22,"
0x3d7e982e2b4980ba8aa87be18714a1fc1349ef77,2,0,['22'],"[22, 25]",[{'CA_BANK.sol': [24]}],"22,"
0x8db0ee1483fbe9db734d8a5e885dc55adfee21a5,2,0,['22'],"[22, 25]",[{'Cb_BANK.sol': [24]}],"22,"
0xf015c35649c82f5467c9c74b7f28ee67665aad68,2,0,['22'],"[22, 25]",[{'MY_BANK.sol': [24]}],"22,"
0x730f8c40a08d02349a2d64e3193cf207a2a2dfe7,2,0,['22'],"[22, 25]",[{'PG_Bank.sol': [24]}],"22,"
0xb2eb463fd68ba808a7864b8f9f021383bf96b01a,2,0,['22'],"[22, 25]",[{'cD_Bank.sol': [24]}],"22,"
0x47e53dd4f108ea392dcc1ebd341e13ea75fbf93b,2,0,['22'],"[22, 25]",[{'cd_Bank.sol': [24]}],"22,"
0x20c476bb4c7aa64f919278fb9c09e880583beb4c,2,4000000000000,['33'],[33],[{'X3ProfitMainFundTransfer.sol': [35]}],"33,"
0xa5d6accc5695327f65cbf38da29198df53efdcf0,2,0,['35'],"[35, 38]",[{'Private_accumulation_fund.sol': [37]}],"35,"
0x400e115f1be2b646139c298272a43b2cff2b127e,2,0,['22'],"[22, 25]",[{'PiggY_BANK.sol': [24]}],"22,"
0x0da76de0916ef2da3c58a97e4d09d501c56a9f15,2,0,['22'],"[22, 25]",[{'Piggy_Bank.sol': [24]}],"22,"
0x08d5215d318d3810883b813958dcb3409568aeef,2,0,['22'],"[22, 25]",[{'Piggy_bank.sol': [24]}],"22,"
0x60de9d9b062595cf10bc3fbf9ed5a6104befe882,2,0,['22'],"[22, 25]",[{'WWW_WALLET.sol': [24]}],"22,"
0xa7b16041c142cce3681f63fb53e55b8eed7d4002,2,0,['22'],"[22, 25]",[{'piggy_bank.sol': [24]}],"22,"
0x69beaaf17c42508f92b0d72c8085b725207d65a3,1,0,['462'],[462],"[{'ICOCycle.sol': [443]}, {'ICOCycle.sol': [444]}, {'ICOCycle.sol': [802]}, {'ICOCycle.sol': [441]}, {'ICOCycle.sol': [442]}, {'ICOCycle.sol': [761]}, {'ICOCycle.sol': [464]}, {'ICOCycle.sol': [458]}, {'ICOCycle.sol': [542]}, {'ICOCycle.sol': [464]}, {'ICOCycle.sol': [581]}, {'ICOCycle.sol': [764]}, {'ICOCycle.sol': [768]}, {'ICOCycle.sol': [474]}]","462,"
0x4320e6f8c05b27ab4707cd1f6d5ce6f3e4b3a5a1,1,0,['47'],"[50, 47]",[{'ACCURAL_DEPOSIT.sol': [49]}],"47,"
0xdf4b83a451ef20b925ce39f4da2a021722688370,1,0,['22'],"[22, 25]",[{'M_BANK.sol': [24]}],"22,"
0xb8b4d5c7355a096a32afcdf5463dea406eec5223,1,0,['462'],[462],"[{'ICOContractX.sol': [443]}, {'ICOContractX.sol': [441]}, {'ICOContractX.sol': [831]}, {'ICOContractX.sol': [763]}, {'ICOContractX.sol': [444]}, {'ICOContractX.sol': [442]}, {'ICOContractX.sol': [464]}, {'ICOContractX.sol': [464]}, {'ICOContractX.sol': [458]}, {'ICOContractX.sol': [542]}, {'ICOContractX.sol': [474]}, {'ICOContractX.sol': [770]}, {'ICOContractX.sol': [766]}, {'ICOContractX.sol': [581]}]","462,"
0x0223f73a53a549b8f5a9661adb4cd9dd4e25beda,1,0,"['309', '89']",[89],"[{'EtHero.sol': [311]}, {'EtHero.sol': [91]}, {'EtHero.sol': [227]}, {'EtHero.sol': [230]}, {'EtHero.sol': [258]}, {'EtHero.sol': [313]}, {'EtHero.sol': [90]}, {'EtHero.sol': [230]}, {'EtHero.sol': [313]}, {'EtHero.sol': [223]}]","89,"
